Customer Name,Recency,Frequency,Monetary,R_score,F_score,M_score,RFM_Score,Segment
Aaron Bergman,416,3,886.156,1,1,1,111,Lost
Aaron Hawkins,13,7,1744.7,4,3,2,432,Loyal Customers
Aaron Smayling,89,7,3050.692,2,3,3,233,At Risk
Adam Bellavance,55,8,7755.619999999999,3,3,4,334,Loyal Customers
Adam Hart,35,10,3250.337,3,4,3,343,Loyal Customers
Adam Shillingsburg,29,9,3255.31,4,4,3,443,Loyal Customers
Adrian Barton,42,10,14473.571,3,4,4,344,Loyal Customers
Adrian Hane,61,7,1735.5140000000001,3,3,2,332,Loyal Customers
Adrian Shami,42,2,58.82,3,1,1,311,Regular
Aimee Bixby,42,5,966.71,3,1,1,311,Regular
Alan Barnes,11,10,1215.022,4,4,2,442,Loyal Customers
Alan Dominguez,30,8,6106.88,4,3,4,434,Loyal Customers
Alan Haines,56,4,1587.452,3,1,2,312,Regular
Alan Hwang,7,9,4805.344,4,4,4,444,Champions
Alan Schoenberger,23,5,4260.784,4,1,4,414,Regular
Alan Shonely,193,7,584.6080000000001,1,3,1,131,At Risk
Alejandro Ballentine,167,9,914.5319999999999,2,4,1,241,At Risk
Alejandro Grove,102,9,2720.386,2,4,3,243,At Risk
Alejandro Savely,20,6,3214.236,4,2,3,423,Regular
Aleksandra Gannaway,119,4,367.548,2,1,1,211,Regular
Alex Avila,185,5,5563.56,1,1,4,114,Lost
Alex Grayson,9,5,660.972,4,1,1,411,Regular
Alex Russell,112,6,1073.354,2,2,1,221,Regular
Alice McCarthy,29,5,814.012,4,1,1,411,Regular
Allen Armold,20,9,1056.39,4,4,1,441,Loyal Customers
Allen Goldenen,115,5,200.945,2,1,1,211,Regular
Allen Rosenblatt,126,5,2236.1279999999997,2,2,2,222,Regular
Alyssa Crouse,233,3,925.8,1,1,1,111,Lost
Alyssa Tate,22,6,1171.814,4,2,2,422,Regular
Amy Cox,12,7,5527.846,4,3,4,434,Loyal Customers
Amy Hunt,231,5,2495.3916,1,2,3,123,Regular
Andrew Allen,260,4,1790.512,1,1,2,112,Lost
Andrew Gjertsen,79,8,2356.855,2,3,3,233,At Risk
Andrew Roberts,15,5,264.864,4,2,1,421,Regular
Andy Gerbode,845,4,1455.038,1,1,2,112,Lost
Andy Reiter,7,6,6608.448,4,2,4,424,Regular
Andy Yotov,15,4,497.014,4,1,1,411,Regular
Anemone Ratner,535,1,88.15,1,1,1,111,Lost
Angele Hood,22,4,738.504,4,1,1,411,Regular
Ann Blume,51,4,1515.862,3,1,2,312,Regular
Ann Chong,7,5,2537.686,4,2,3,423,Regular
Ann Steele,93,7,833.398,2,3,1,231,At Risk
Anna Andreadi,56,6,5086.9349999999995,3,2,4,324,Regular
Anna Chung,283,5,657.316,1,2,1,121,Regular
Anna Gayman,98,7,3489.0396,2,3,3,233,At Risk
Anna Häberlin,411,12,7888.294,1,4,4,144,At Risk
Anne McFarland,163,8,5664.022,2,3,4,234,At Risk
Anne Pryor,42,8,1638.554,3,3,2,332,Loyal Customers
Annie Thurman,14,10,3831.8639999999996,4,4,4,444,Champions
Annie Zypern,161,6,1622.018,2,2,2,222,Regular
Anthony Garverick,78,4,170.584,2,1,1,211,Regular
Anthony Jacobs,76,7,4867.344,2,3,4,234,At Risk
Anthony Johnson,167,7,4501.391,2,3,4,234,At Risk
Anthony O'Donnell,502,1,161.28,1,1,1,111,Lost
Anthony Rawles,59,8,4523.336,3,3,4,334,Loyal Customers
Anthony Witt,21,4,649.3760000000001,4,1,1,411,Regular
Arianne Irving,14,10,4375.786,4,4,4,444,Champions
Art Ferguson,42,7,2052.908,3,3,2,332,Loyal Customers
Art Foster,416,4,861.565,1,1,1,111,Lost
Arthur Gainer,97,10,4510.7970000000005,2,4,4,244,At Risk
Arthur Prichep,99,10,3323.556,2,4,3,243,At Risk
Arthur Wiediger,47,7,2852.9680000000003,3,3,3,333,Loyal Customers
Ashley Jarboe,86,7,1839.24,2,3,2,232,At Risk
Astrea Jones,75,3,629.2479999999999,3,1,1,311,Regular
Barbara Fisher,92,7,599.798,2,3,1,231,At Risk
Barry Blumstein,106,5,744.34,2,2,1,221,Regular
Barry Franz,40,4,1333.88,3,1,2,312,Regular
Barry Französisch,75,8,2888.506,3,3,3,333,Loyal Customers
Barry Gonzalez,29,8,2798.948,4,3,3,433,Loyal Customers
Barry Pond,84,5,983.42,2,2,1,221,Regular
Barry Weirich,213,3,385.516,1,1,1,111,Lost
Bart Folk,26,3,272.95,4,1,1,411,Regular
Bart Pistole,18,14,3350.874,4,4,3,443,Loyal Customers
Bart Watters,122,8,4750.358,2,3,4,234,At Risk
Becky Castell,203,9,2933.676,1,4,3,143,At Risk
Becky Martin,308,4,11789.630000000001,1,1,4,114,Lost
Becky Pak,90,6,1697.861,2,2,2,222,Regular
Ben Ferrer,17,13,8430.144,4,4,4,444,Champions
Ben Peterman,2,9,3675.861,4,4,3,443,Loyal Customers
Ben Wallace,204,6,1738.4060000000002,1,2,2,122,Regular
Benjamin Farhat,66,4,1585.162,3,1,2,312,Regular
Benjamin Patterson,40,5,1181.49,3,2,2,322,Regular
Benjamin Venier,335,5,1523.273,1,2,2,122,Regular
Berenike Kampe,78,6,659.1379999999999,2,2,1,221,Regular
Beth Fritzler,58,3,791.99,3,1,1,311,Regular
Beth Paige,13,7,2475.157,4,3,3,433,Loyal Customers
Beth Thompson,337,5,2567.656,1,2,3,123,Regular
Bill Donatelli,34,12,5718.521,3,4,4,344,Loyal Customers
Bill Eplett,120,5,4204.6759999999995,2,2,4,224,Regular
Bill Overfelt,138,5,2682.728,2,2,3,223,Regular
Bill Shonely,559,5,10501.653,1,2,4,124,Regular
Bill Stewart,29,5,3887.834,4,2,4,424,Regular
Bill Tyler,303,6,2186.6130000000003,1,2,2,122,Regular
Bobby Elias,99,5,2261.438,2,2,3,223,Regular
Bobby Odegard,76,2,130.83,2,1,1,211,Regular
Bobby Trafton,561,4,603.876,1,1,1,111,Lost
Brad Eason,255,6,1727.652,1,2,2,122,Regular
Brad Norvell,25,4,265.296,4,1,1,411,Regular
Brad Thomas,660,2,415.19599999999997,1,1,1,111,Lost
Bradley Drucker,36,6,4411.2429999999995,3,2,4,324,Regular
Bradley Nguyen,10,5,1459.344,4,2,2,422,Regular
Bradley Talbott,92,5,2684.4919999999997,2,2,3,223,Regular
Brenda Bowman,29,9,6765.728,4,4,4,444,Champions
Brendan Dodson,279,2,320.54,1,1,1,111,Lost
Brendan Murry,101,6,808.162,2,2,1,221,Regular
Brendan Sweed,36,6,2454.928,3,2,3,323,Regular
Brian Dahlen,98,9,3332.8709999999996,2,4,3,243,At Risk
Brian DeCherney,70,6,1538.11,3,2,2,322,Regular
Brian Derr,10,3,582.646,4,1,1,411,Regular
Brian Moss,34,11,7294.185,3,4,4,344,Loyal Customers
Brian Stugart,583,3,3288.1099999999997,1,1,3,113,Lost
Brian Thompson,21,7,3196.752,4,3,3,433,Loyal Customers
Brooke Gillingham,37,6,1874.172,3,2,2,322,Regular
Brosina Hoffman,24,8,6255.351,4,3,4,434,Loyal Customers
Bruce Degenhardt,94,6,1526.5,2,2,2,222,Regular
Bruce Galang,2,5,609.88,4,2,1,421,Regular
Bruce Geld,58,6,1006.356,3,2,1,321,Regular
Bruce Stewart,2,7,2562.382,4,3,3,433,Loyal Customers
Bryan Davis,328,6,658.466,1,2,1,121,Regular
Bryan Mills,219,10,1338.842,1,4,2,142,At Risk
Bryan Spruell,266,2,949.4300000000001,1,1,1,111,Lost
Candace McMahon,132,6,1673.8880000000001,2,2,2,222,Regular
Cari Sayre,92,5,1278.954,2,2,2,222,Regular
Cari Schnelling,163,6,537.632,2,2,1,221,Regular
Carl Jackson,366,1,16.52,1,1,1,111,Lost
Carl Ludwig,107,4,1262.0140000000001,2,1,2,212,Regular
Carl Weiss,23,6,1136.592,4,2,2,422,Regular
Carlos Daly,41,5,2033.9679999999998,3,2,2,322,Regular
Carlos Meador,708,2,565.392,1,1,1,111,Lost
Carlos Soltero,26,11,3036.547,4,4,3,443,Loyal Customers
Carol Adams,97,6,3789.7228,2,2,3,223,Regular
Carol Darley,55,3,639.766,3,1,1,311,Regular
Carol Triggs,97,11,4503.618,2,4,4,244,At Risk
Caroline Jumper,190,8,11164.974,1,3,4,134,At Risk
Cassandra Brandow,48,10,6076.139,3,4,4,344,Loyal Customers
Catherine Glotzbach,50,6,904.468,3,2,1,321,Regular
Cathy Armstrong,402,5,1679.7240000000002,1,2,2,122,Regular
Cathy Hwang,691,3,1537.236,1,1,2,112,Lost
Cathy Prescott,83,8,5402.254,2,3,4,234,At Risk
Chad Cunningham,458,6,1770.945,1,2,2,122,Regular
Chad McGuire,9,4,1661.6100000000001,4,1,2,412,Regular
Chad Sievert,490,4,884.64,1,1,1,111,Lost
Charles Crestani,107,7,2471.65,2,3,3,233,At Risk
Charles McCrossin,27,6,2533.314,4,2,3,423,Regular
Charles Sheldon,233,5,844.4580000000001,1,2,1,121,Regular
Charlotte Melton,9,6,1475.144,4,2,2,422,Regular
Chloris Kastensmidt,40,13,3154.855,3,4,3,343,Loyal Customers
Chris Cortes,21,12,3913.418,4,4,4,444,Champions
Chris McAfee,386,5,2305.712,1,2,3,123,Regular
Chris Selesnick,27,12,2754.216,4,4,3,443,Loyal Customers
Christina Anderson,57,9,2648.2872,3,4,3,343,Loyal Customers
Christina DeMoss,43,2,1205.584,3,1,2,312,Regular
Christina VanderZanden,255,5,2830.628,1,2,3,123,Regular
Christine Abelman,14,4,1421.954,4,1,2,412,Regular
Christine Kargatis,121,5,2945.321,2,2,3,223,Regular
Christine Phan,161,8,5888.275,2,3,4,234,At Risk
Christine Sundaresam,7,11,3202.1620000000003,4,4,3,443,Loyal Customers
Christopher Conant,44,5,12129.072,3,2,4,324,Regular
Christopher Martinez,38,4,8954.02,3,1,4,314,Regular
Christopher Schild,3,9,3651.8585000000003,4,4,3,443,Loyal Customers
Christy Brittain,27,8,1949.2000000000003,4,3,2,432,Loyal Customers
Chuck Clark,1,12,4606.952,4,4,4,444,Champions
Chuck Magee,437,3,287.99,1,1,1,111,Lost
Chuck Sachs,28,2,550.644,4,1,1,411,Regular
Cindy Chapman,40,9,1659.438,3,4,2,342,Loyal Customers
Cindy Schnelling,425,4,1077.2285,1,1,1,111,Lost
Cindy Stewart,59,6,5690.055,3,2,4,324,Regular
Claire Gute,339,3,1148.78,1,1,2,112,Lost
Claudia Bergmann,198,8,4246.4555,1,3,4,134,At Risk
Clay Cheatham,28,3,113.832,4,1,1,411,Regular
Clay Ludtke,285,12,10880.546,1,4,4,144,At Risk
Clay Rozendal,58,4,2148.852,3,1,2,312,Regular
Clytie Kelty,44,11,2372.75,3,4,3,343,Loyal Customers
Corey Catlett,35,7,2540.631,3,3,3,333,Loyal Customers
Corey Roper,471,3,475.9,1,1,1,111,Lost
Corey-Lock,550,5,1300.076,1,2,2,122,Regular
Corinna Mitchell,28,6,6339.5576,4,2,4,424,Regular
Craig Carreira,30,7,2269.7015,4,3,3,433,Loyal Customers
Craig Carroll,799,4,2854.1150000000002,1,1,3,113,Lost
Craig Leslie,106,5,2353.5860000000002,2,2,3,223,Regular
Craig Molinari,1035,4,3984.4524,1,1,4,114,Lost
Craig Reiter,79,4,1600.55,2,1,2,212,Regular
Craig Yedwab,61,8,2900.026,3,3,3,333,Loyal Customers
Cyma Kinney,83,9,1582.109,2,4,2,242,At Risk
Cynthia Arntzen,121,7,3041.566,2,3,3,233,At Risk
Cynthia Delaney,400,5,1860.732,1,2,2,122,Regular
Cynthia Voltz,6,9,2370.3136,4,4,3,443,Loyal Customers
Cyra Reiten,86,3,1397.8724,2,1,2,212,Regular
Damala Kotsonis,22,12,3256.48,4,4,3,443,Loyal Customers
Dan Campbell,38,9,3336.168,3,4,3,343,Loyal Customers
Dan Lawera,101,8,1503.112,2,3,2,232,At Risk
Dan Reichenbach,4,9,6528.034,4,4,4,444,Champions
Dana Kaydos,46,5,4282.176,3,2,4,324,Regular
Daniel Byrd,22,8,2171.5989999999997,4,3,2,432,Loyal Customers
Daniel Lacy,58,6,3272.2,3,2,3,323,Regular
Daniel Raglin,51,8,8350.868,3,3,4,334,Loyal Customers
Dario Medina,115,7,1322.034,2,3,2,232,At Risk
Darren Budd,242,5,2839.2272000000003,1,2,3,123,Regular
Darren Koutras,8,5,1687.04,4,2,2,422,Regular
Darren Powers,127,9,1050.636,2,4,1,241,At Risk
Darrin Martin,58,7,6345.103,3,3,4,334,Loyal Customers
Darrin Sayre,94,4,1762.213,2,1,2,212,Regular
Darrin Van Huff,20,5,1119.483,4,2,2,422,Regular
Dave Brooks,17,7,4531.646,4,3,4,434,Loyal Customers
Dave Hallsten,278,6,4932.872,1,2,4,124,Regular
Dave Kipp,43,7,2650.557,3,3,3,333,Loyal Customers
Dave Poirier,7,8,2215.002,4,3,2,432,Loyal Customers
David Bremer,49,7,2973.094,3,3,3,333,Loyal Customers
David Flashing,700,3,2390.534,1,1,3,113,Lost
David Kendrick,11,2,797.832,4,1,1,411,Regular
David Philippe,812,2,1058.616,1,1,1,111,Lost
David Smith,24,9,2881.8128,4,4,3,443,Loyal Customers
David Wiener,70,6,1080.751,3,2,1,321,Regular
Dean Braden,10,10,2332.577,4,4,3,443,Loyal Customers
Dean Katz,11,9,4802.394,4,4,4,444,Champions
Dean percer,85,11,7198.761,2,4,4,244,At Risk
Deanra Eno,719,5,2550.874,1,2,3,123,Regular
Deborah Brumfield,54,8,4655.897,3,3,4,334,Loyal Customers
Debra Catini,24,5,1174.618,4,2,2,422,Regular
Deirdre Greer,33,5,3195.818,3,2,3,323,Regular
Delfina Latchford,23,8,1458.258,4,3,2,432,Loyal Customers
Denise Leinenbach,58,4,585.0200000000001,3,1,1,311,Regular
Denise Monton,23,8,4074.4719999999993,4,3,4,434,Loyal Customers
Dennis Bolton,265,5,1081.466,1,2,1,121,Regular
Dennis Kane,20,8,3318.486,4,3,3,433,Loyal Customers
Dennis Pardue,359,9,5480.724,1,4,4,144,At Risk
Denny Blanton,145,8,3674.684,2,3,3,233,At Risk
Denny Joy,638,4,2012.52,1,1,2,112,Lost
Denny Ordway,134,9,1300.0315,2,4,2,242,At Risk
Dianna Arnett,353,4,156.76,1,1,1,111,Lost
Dianna Vittorini,30,6,3341.587,4,2,3,423,Regular
Dianna Wilson,218,5,5271.628,1,2,4,124,Regular
Dionis Lloyd,77,8,3539.322,2,3,3,233,At Risk
Don Jones,49,8,2501.688,3,3,3,333,Loyal Customers
Don Miller,482,3,1376.792,1,1,2,112,Lost
Don Weiss,99,5,344.08,2,2,1,221,Regular
Dorothy Badders,108,7,3908.8028,2,3,4,234,At Risk
Dorothy Dickinson,42,6,269.542,3,2,1,321,Regular
Dorothy Wardle,243,7,1204.854,1,3,2,132,At Risk
Dorris liebe,120,5,755.602,2,2,1,221,Regular
Doug Bickford,34,7,1989.0500000000002,3,3,2,332,Loyal Customers
Doug Jacobs,13,3,3356.398,4,1,3,413,Regular
Doug O'Connell,27,9,2043.296,4,4,2,442,Loyal Customers
Duane Benoit,13,7,1155.202,4,3,2,432,Loyal Customers
Duane Huffman,776,4,1043.096,1,1,1,111,Lost
Duane Noonan,218,7,2139.79,1,3,2,132,At Risk
Ed Braxton,49,9,3644.978,3,4,3,343,Loyal Customers
Ed Jacobs,303,4,2162.174,1,1,2,112,Lost
Ed Ludwig,78,2,124.28,2,1,1,211,Regular
Edward Becker,36,10,3236.314,3,4,3,343,Loyal Customers
Edward Hooks,136,12,10310.880000000001,2,4,4,244,At Risk
Edward Nazzal,288,4,2199.366,1,1,2,112,Lost
Eileen Kiefer,45,4,1303.4779999999998,3,1,2,312,Regular
Eleni McCrary,133,5,2567.0099999999998,2,2,3,223,Regular
Elizabeth Moffitt,56,8,2339.598,3,3,3,333,Loyal Customers
Ellis Ballard,91,5,4358.128,2,2,4,224,Regular
Elpida Rittenbach,422,3,1245.788,1,1,2,112,Lost
Emily Burns,101,10,2767.219,2,4,3,243,At Risk
Emily Ducich,136,8,3484.92,2,3,3,233,At Risk
Emily Grady,23,5,1832.02,4,2,2,422,Regular
Emily Phan,13,17,5478.0608,4,4,4,444,Champions
Eric Barreto,162,5,944.6000000000001,2,2,1,221,Regular
Eric Hoffmann,218,8,684.1709999999999,1,3,1,131,At Risk
Eric Murdock,152,5,933.704,2,2,1,221,Regular
Erica Bern,1,4,1643.255,4,1,2,412,Regular
Erica Hackney,406,6,825.95,1,2,1,121,Regular
Erica Hernandez,3,7,1219.53,4,3,2,432,Loyal Customers
Erica Smith,41,5,3510.458,3,2,3,323,Regular
Erin Ashbrook,153,13,2846.705,2,4,3,243,At Risk
Erin Creighton,54,5,461.914,3,2,1,321,Regular
Erin Mull,48,4,228.99,3,1,1,311,Regular
Erin Smith,29,9,4657.924,4,4,4,444,Champions
Eudokia Martin,114,4,1041.0420000000001,2,1,1,211,Regular
Eugene Barchas,114,6,3071.126,2,2,3,223,Regular
Eugene Hildebrand,73,14,3143.4829999999997,3,4,3,343,Loyal Customers
Eugene Moren,49,6,4588.436,3,2,4,324,Regular
Eva Jacobs,58,5,2656.691,3,2,3,323,Regular
Evan Bailliet,83,6,1186.326,2,2,2,222,Regular
Evan Henry,106,6,923.884,2,2,1,221,Regular
Evan Minnotte,159,3,366.822,2,1,1,211,Regular
Filia McAdams,8,10,2456.638,4,4,3,443,Loyal Customers
Frank Atkinson,98,7,2984.054,2,3,3,233,At Risk
Frank Carlisle,71,7,3418.742,3,3,3,333,Loyal Customers
Frank Gastineau,35,11,2124.784,3,4,2,342,Loyal Customers
Frank Hawley,38,10,4256.272,3,4,4,344,Loyal Customers
Frank Merwin,37,9,3736.1980000000003,3,4,3,343,Loyal Customers
Frank Olsen,39,10,2678.438,3,4,3,343,Loyal Customers
Frank Preis,24,8,4046.746,4,3,4,434,Loyal Customers
Fred Chung,185,7,3889.366,1,3,4,134,At Risk
Fred Harton,213,4,2271.284,1,1,3,113,Lost
Fred Hopkins,6,8,6987.196,4,3,4,434,Loyal Customers
Fred McMath,22,11,2731.996,4,4,3,443,Loyal Customers
Fred Wasserman,363,3,79.75,1,1,1,111,Lost
Gary Hansen,76,9,2819.467,2,4,3,243,At Risk
Gary Hwang,51,4,4172.846,3,1,4,314,Regular
Gary McGarr,84,7,3582.82,2,3,3,233,At Risk
Gary Mitchum,17,6,3078.6240000000003,4,2,3,423,Regular
Gary Zandusky,8,9,4355.15,4,4,4,444,Champions
Gene Hale,388,2,1361.2440000000001,1,1,2,112,Lost
Gene McClure,107,10,1255.682,2,4,2,242,At Risk
George Ashbrook,150,8,3919.7760000000003,2,3,4,234,At Risk
George Bell,63,11,1568.44,3,4,2,342,Loyal Customers
George Zrebassa,158,8,2529.11,2,3,3,233,At Risk
Georgia Rosenberg,1136,2,1284.38,1,1,2,112,Lost
Giulietta Baptist,14,5,4716.288,4,2,4,424,Regular
Giulietta Dortch,6,4,1888.07,4,1,2,412,Regular
Giulietta Weimer,29,7,2189.0190000000002,4,3,2,432,Loyal Customers
Grace Kelly,113,9,6497.27,2,4,4,244,At Risk
Grant Thornton,57,3,9351.212,3,1,4,314,Regular
Greg Guthrie,44,11,8584.092,3,4,4,344,Loyal Customers
Greg Hansen,3,2,146.9408,4,1,1,411,Regular
Greg Matthias,153,6,3163.628,2,2,3,223,Regular
Greg Maxwell,118,3,6049.966,2,1,4,214,Regular
Greg Tran,37,11,11820.119999999999,3,4,4,344,Loyal Customers
Guy Armstrong,6,11,1398.382,4,4,2,442,Loyal Customers
Guy Phonely,765,2,236.53,1,1,1,111,Lost
Guy Thornton,35,4,226.436,3,1,1,311,Regular
Hallie Redmond,14,5,1299.288,4,2,2,422,Regular
Harold Dahlen,769,3,251.36,1,1,1,111,Lost
Harold Engle,13,4,883.532,4,1,1,411,Regular
Harold Pawlan,31,7,1990.314,3,3,2,332,Loyal Customers
Harold Ryan,160,7,5248.787,2,3,4,234,At Risk
Harry Greene,55,5,785.628,3,2,1,321,Regular
Harry Marie,3,10,8236.7648,4,4,4,444,Champions
Harry Olson,1,4,1087.916,4,1,1,411,Regular
Heather Jas,127,5,358.1,2,2,1,221,Regular
Heather Kirkland,152,8,4877.784000000001,2,3,4,234,At Risk
Helen Abelman,70,7,2163.2999999999997,3,3,2,332,Loyal Customers
Helen Andreada,21,8,2584.158,4,3,3,433,Loyal Customers
Helen Wasserman,118,8,9300.254,2,3,4,234,At Risk
Henia Zydlo,36,5,886.52,3,2,1,321,Regular
Henry Goldwyn,24,12,3247.642,4,4,3,443,Loyal Customers
Henry MacAllister,248,4,736.276,1,1,1,111,Lost
Herbert Flentye,22,7,2533.1639999999998,4,3,3,433,Loyal Customers
Hilary Holden,73,2,218.668,3,1,1,311,Regular
Hunter Glantz,7,7,3690.284,4,3,3,433,Loyal Customers
Hunter Lopez,44,6,12873.297999999999,3,2,4,324,Regular
Ionia McGrath,410,3,2872.63,1,1,3,113,Lost
Irene Maddox,391,7,4930.474,1,3,4,134,At Risk
Ivan Gibson,72,4,744.574,3,1,1,311,Regular
Ivan Liston,143,7,5040.736,2,3,4,234,At Risk
Jack Garza,758,3,2358.676,1,1,3,113,Lost
Jack Lebron,9,6,1214.956,4,2,2,422,Regular
Jack O'Briant,58,9,3254.949,3,4,3,343,Loyal Customers
James Galang,2,11,6366.392,4,4,4,444,Champions
James Lanier,7,5,1571.523,4,2,2,422,Regular
James Peterman,2,5,515.2,4,2,1,421,Regular
Jamie Frazer,66,7,2279.5860000000002,3,3,3,333,Loyal Customers
Jamie Kunitz,62,5,4427.142,3,2,4,324,Regular
Jane Waco,43,10,8846.354000000001,3,4,4,344,Loyal Customers
Janet Lee,120,5,2203.7,2,2,2,222,Regular
Janet Martin,38,6,3159.1220000000003,3,2,3,323,Regular
Janet Molinari,38,5,1804.146,3,2,2,322,Regular
Jas O'Carroll,93,6,1934.272,2,2,2,222,Regular
Jason Fortune-,226,5,955.124,1,2,1,121,Regular
Jason Gross,3,6,2240.58,4,2,2,422,Regular
Jason Klamczynski,288,3,383.812,1,1,1,111,Lost
Jasper Cacioppo,115,4,71.263,2,1,1,211,Regular
Jay Fein,106,6,1911.844,2,2,2,222,Regular
Jay Kimmel,45,8,2709.632,3,3,3,333,Loyal Customers
Jenna Caffey,176,1,1058.1080000000002,2,1,1,211,Regular
Jennifer Braxton,8,12,1830.4850000000001,4,4,2,442,Loyal Customers
Jennifer Ferguson,3,6,2371.4480000000003,4,2,3,423,Regular
Jennifer Halladay,6,4,309.281,4,1,1,411,Regular
Jennifer Jackson,484,5,709.178,1,2,1,121,Regular
Jennifer Patt,38,7,1669.135,3,3,2,332,Loyal Customers
Jennifer Sheldon,96,2,19.98,2,1,1,211,Regular
Jeremy Ellison,194,6,1388.682,1,2,2,122,Regular
Jeremy Farry,122,11,1082.918,2,4,1,241,At Risk
Jeremy Lonsdale,50,6,3173.874,3,2,3,323,Regular
Jeremy Pistek,9,7,3635.594,4,3,3,433,Loyal Customers
Jessica Myrick,103,9,2070.063,2,4,2,242,At Risk
Jesus Ocampo,216,5,1090.838,1,2,1,121,Regular
Jill Fjeld,55,8,4198.332,3,3,4,334,Loyal Customers
Jill Matthias,1,5,303.948,4,2,1,421,Regular
Jill Stevenson,120,4,1417.654,2,1,2,212,Regular
Jill Trafton,287,2,144.588,1,1,1,111,Lost
Jim Epp,49,7,7754.976,3,3,4,334,Loyal Customers
Jim Karlsson,62,7,3760.0280000000002,3,3,3,333,Loyal Customers
Jim Kriz,181,9,4760.433999999999,1,4,4,144,At Risk
Jim Mitchum,9,5,864.947,4,2,1,421,Regular
Jim Radford,594,2,1156.658,1,1,2,112,Lost
Jim Sink,43,4,1131.064,3,1,2,312,Regular
Jocasta Rupert,69,1,863.88,3,1,1,311,Regular
Joe Elijah,47,12,10461.458999999999,3,4,4,344,Loyal Customers
Joe Kamberova,85,10,4867.2,2,4,4,244,At Risk
Joel Eaton,52,13,6760.815,3,4,4,344,Loyal Customers
Joel Jenkins,753,2,195.0,1,1,1,111,Lost
John Castell,159,9,2772.055,2,4,3,243,At Risk
John Dryer,118,5,2152.3520000000003,2,2,2,222,Regular
John Grady,224,6,1507.018,1,2,2,122,Regular
John Huston,175,6,528.91,2,2,1,221,Regular
John Lee,22,11,9799.923,4,4,4,444,Champions
John Lucas,615,6,2725.256,1,2,3,123,Regular
John Murray,110,7,7625.076,2,3,4,234,At Risk
John Stevenson,535,5,3868.02,1,2,4,124,Regular
Jonathan Doherty,395,11,7610.8640000000005,1,4,4,144,At Risk
Jonathan Howell,42,7,959.477,3,3,1,331,Loyal Customers
Joni Blumstein,737,3,900.5519999999999,1,1,1,111,Lost
Joni Sundaresam,464,5,469.169,1,2,1,121,Regular
Joni Wasserman,6,7,1244.086,4,3,2,432,Loyal Customers
Joseph Airdo,93,8,6491.026,2,3,4,234,At Risk
Joseph Holt,30,6,7954.9980000000005,4,2,4,424,Regular
Joy Bell-,44,7,644.1188,3,3,1,331,Loyal Customers
Joy Daniels,113,6,385.43,2,2,1,221,Regular
Joy Smith,29,6,2516.494,4,2,3,423,Regular
Julia Barnett,8,5,2518.1150000000002,4,2,3,423,Regular
Julia Dunbar,301,3,695.442,1,1,1,111,Lost
Julia West,462,4,1428.731,1,1,2,112,Lost
Juliana Krohn,29,3,3747.668,4,1,3,413,Regular
Julie Creighton,58,5,858.576,3,2,1,321,Regular
Julie Kriz,118,10,2932.484,2,4,3,243,At Risk
Julie Prescott,103,9,1707.71,2,4,2,242,At Risk
Justin Deggeller,42,8,8828.0305,3,3,4,334,Loyal Customers
Justin Ellison,21,3,2697.248,4,1,3,413,Regular
Justin Hirsh,405,4,2256.394,1,1,3,113,Lost
Justin MacKendrick,58,10,2833.9260000000004,3,4,3,343,Loyal Customers
Justin Ritter,34,5,2201.686,3,2,2,322,Regular
Kalyca Meade,15,6,2260.958,4,2,3,423,Regular
Karen Bern,5,7,3152.6150000000002,4,3,3,433,Loyal Customers
Karen Carlisle,408,6,2120.954,1,2,2,122,Regular
Karen Daniels,485,5,8282.358,1,2,4,124,Regular
Karen Ferguson,98,7,10604.266,2,3,4,234,At Risk
Karen Seio,296,3,88.47200000000001,1,1,1,111,Lost
Karl Braun,297,9,1569.464,1,4,2,142,At Risk
Katharine Harms,41,8,3312.864,3,3,3,333,Loyal Customers
Katherine Ducich,42,6,1888.964,3,2,2,322,Regular
Katherine Hughes,2,6,3100.612,4,2,3,423,Regular
Katherine Murray,57,8,5620.186,3,3,4,334,Loyal Customers
Katherine Nockton,20,9,2617.272,4,4,3,443,Loyal Customers
Katrina Bavinger,118,3,908.821,2,1,1,211,Regular
Katrina Edelman,27,8,1686.7312,4,3,2,432,Loyal Customers
Katrina Willman,97,5,4416.52,2,2,4,224,Regular
Kean Nguyen,53,5,2171.962,3,2,2,322,Regular
Kean Takahito,392,7,3057.1,1,3,3,133,At Risk
Kean Thornton,101,10,4642.088400000001,2,4,4,244,At Risk
Keith Dawkins,113,12,8181.256,2,4,4,244,At Risk
Keith Herrera,23,7,5952.859,4,3,4,434,Loyal Customers
Kelly Andreada,37,7,1519.506,3,3,2,332,Loyal Customers
Kelly Collister,98,4,3908.2619999999997,2,1,4,214,Regular
Kelly Lampkin,17,8,5016.488,4,3,4,434,Loyal Customers
Kelly Williams,771,4,449.096,1,1,1,111,Lost
Ken Black,231,12,2744.742,1,4,3,143,At Risk
Ken Brennan,2,7,983.922,4,3,1,431,Loyal Customers
Ken Dana,290,5,2243.51,1,2,2,122,Regular
Ken Heidel,59,9,3918.9660000000003,3,4,4,344,Loyal Customers
Ken Lonsdale,48,12,14175.229,3,4,4,344,Loyal Customers
Khloe Miller,16,5,453.538,4,2,1,421,Regular
Kimberly Carter,58,4,1146.05,3,1,2,312,Regular
Kristen Hastings,3,7,5990.799,4,3,4,434,Loyal Customers
Kristina Nunn,99,8,2280.58,2,3,3,233,At Risk
Kunst Miller,29,8,4909.472,4,3,4,434,Loyal Customers
Larry Blacks,49,3,50.188,3,1,1,311,Regular
Larry Hughes,152,3,287.426,2,1,1,211,Regular
Larry Tron,27,3,329.876,4,1,1,411,Regular
Laura Armstrong,155,11,8673.222,2,4,4,244,At Risk
Laurel Beltran,153,8,4985.676,2,3,4,234,At Risk
Laurel Elliston,22,6,1469.4499999999998,4,2,2,422,Regular
Laurel Workman,89,5,2238.061,2,2,2,222,Regular
Lauren Leatherbury,250,6,2741.2039999999997,1,2,3,123,Regular
Lela Donovan,553,1,5.304,1,1,1,111,Lost
Lena Cacioppo,28,8,2580.704,4,3,3,433,Loyal Customers
Lena Creighton,17,12,7663.126,4,4,4,444,Champions
Lena Hernandez,22,9,2295.332,4,4,3,443,Loyal Customers
Lena Radford,27,6,5142.892,4,2,4,424,Regular
Linda Cazamias,42,8,4492.946,3,3,4,334,Loyal Customers
Linda Southworth,179,6,2845.27,2,2,3,223,Regular
Lindsay Castell,437,4,3246.6259999999997,1,1,3,113,Lost
Lindsay Shagiari,21,9,2988.674,4,4,3,443,Loyal Customers
Lindsay Williams,34,6,3230.308,3,2,3,323,Regular
Lisa DeCherney,415,4,1961.934,1,1,2,112,Lost
Lisa Hazard,240,4,318.239,1,1,1,111,Lost
Lisa Ryan,133,5,1879.306,2,2,2,222,Regular
Liz Carlisle,55,5,2095.064,3,2,2,322,Regular
Liz MacKendrick,392,5,1346.774,1,2,2,122,Regular
Liz Pelletier,41,4,756.606,3,1,1,311,Regular
Liz Preis,10,7,3653.399,4,3,3,433,Loyal Customers
Liz Thompson,35,8,2936.252,3,3,3,333,Loyal Customers
Liz Willingham,206,3,1259.04,1,1,2,112,Lost
Logan Currie,14,9,2633.582,4,4,3,443,Loyal Customers
Logan Haushalter,386,9,1739.689,1,4,2,142,At Risk
Lori Olson,3,5,644.35,4,2,1,421,Regular
Luke Foster,23,7,3930.509,4,3,4,434,Loyal Customers
Luke Schmidt,97,6,1010.256,2,2,1,221,Regular
Luke Weiss,22,7,5420.514,4,3,4,434,Loyal Customers
Lycoris Saunders,777,3,368.88,1,1,1,111,Lost
Lynn Smith,35,6,1008.136,3,2,1,321,Regular
Magdelene Morse,169,4,1314.0230000000001,2,1,2,212,Regular
Marc Crier,77,8,2725.982,2,4,3,243,At Risk
Marc Harrigan,120,6,2394.025,2,2,3,223,Regular
Maria Bertelson,49,10,1548.702,3,4,2,342,Loyal Customers
Maria Etezadi,43,10,10663.728000000001,3,4,4,344,Loyal Customers
Maria Zettner,31,4,593.606,3,1,1,311,Regular
Maribeth Dona,118,7,3766.382,2,3,3,233,At Risk
Maribeth Schnelling,274,10,7443.6900000000005,1,4,4,144,At Risk
Maribeth Yedwab,30,7,2254.285,4,3,2,432,Loyal Customers
Marina Lichtenstein,70,9,2722.843,3,4,3,343,Loyal Customers
Maris LaWare,55,6,2921.5,3,2,3,323,Regular
Mark Cousins,400,5,4432.138,1,2,4,124,Regular
Mark Haberlin,377,4,400.01599999999996,1,1,1,111,Lost
Mark Hamilton,86,8,2456.1820000000002,2,4,3,243,At Risk
Mark Packer,719,7,3206.132,1,3,3,133,At Risk
Mark Van Huff,28,9,1560.05,4,4,2,442,Loyal Customers
Mary O'Rourke,73,4,922.4870000000001,3,1,1,311,Regular
Mary Zewe,283,6,2564.906,1,2,3,123,Regular
MaryBeth Skach,435,4,475.65599999999995,1,1,1,111,Lost
Mathew Reese,126,4,639.178,2,1,1,211,Regular
Matt Abelman,65,11,4299.161,3,4,4,344,Loyal Customers
Matt Collins,28,8,1303.893,4,4,2,442,Loyal Customers
Matt Collister,52,6,2426.067,3,2,3,323,Regular
Matt Connell,113,8,2258.192,2,4,3,243,At Risk
Matt Hagelstein,156,4,1252.8,2,1,2,212,Regular
Matthew Clasen,190,4,795.154,1,1,1,111,Lost
Matthew Grinstein,30,7,3785.276,4,3,3,433,Loyal Customers
Maureen Fritzler,422,5,937.039,1,2,1,121,Regular
Maureen Gastineau,93,4,2350.188,2,1,3,213,Regular
Maureen Gnade,556,3,1342.282,1,1,2,112,Lost
Maurice Satty,414,6,1613.402,1,3,2,132,At Risk
Max Engle,29,8,1908.4532,4,4,2,442,Loyal Customers
Max Jones,23,7,6320.746,4,3,4,434,Loyal Customers
Max Ludwig,30,7,2071.914,4,3,2,432,Loyal Customers
Maxwell Schwartz,122,9,3144.678,2,4,3,243,At Risk
Maya Herman,99,7,2203.7780000000002,2,3,2,232,At Risk
Meg O'Connel,105,8,1687.027,2,4,2,242,At Risk
Meg Tillman,50,6,2890.1389999999997,3,3,3,333,Loyal Customers
Melanie Seite,453,4,370.348,1,1,1,111,Lost
Michael Chen,2,7,3805.714,4,3,4,434,Loyal Customers
Michael Dominguez,37,5,1204.9099999999999,3,2,2,322,Regular
Michael Grace,117,5,1242.833,2,2,2,222,Regular
Michael Granlund,100,9,776.384,2,4,1,241,At Risk
Michael Kennedy,29,8,2302.368,4,4,3,443,Loyal Customers
Michael Knudson,29,7,225.696,4,3,1,431,Loyal Customers
Michael Moore,8,11,3794.08,4,4,3,443,Loyal Customers
Michael Nguyen,35,6,2477.946,3,3,3,333,Loyal Customers
Michael Oakman,181,2,154.288,1,1,1,111,Lost
Michael Paige,73,11,4198.826,3,4,4,344,Loyal Customers
Michael Stewart,27,6,855.116,4,3,1,431,Loyal Customers
Michelle Arnett,187,6,2453.284,1,3,3,133,At Risk
Michelle Ellison,93,4,1256.944,2,1,2,212,Regular
Michelle Huthwaite,50,5,2984.948,3,2,3,323,Regular
Michelle Lonsdale,80,3,742.082,2,1,1,211,Regular
Michelle Moray,62,8,2749.881,3,4,3,343,Loyal Customers
Michelle Tran,204,4,1319.4497999999999,1,1,2,112,Lost
Mick Brown,45,7,1428.231,3,3,2,332,Loyal Customers
Mick Crebagga,42,10,2218.98,3,4,2,342,Loyal Customers
Mick Hernandez,6,9,5503.093,4,4,4,444,Champions
Mike Caudle,370,5,1581.998,1,2,2,122,Regular
Mike Gockenbach,85,4,3061.543,2,1,3,213,Regular
Mike Kennedy,241,4,1031.602,1,1,1,111,Lost
Mike Pelletier,17,9,5087.92,4,4,4,444,Champions
Mike Vittorini,20,7,1734.574,4,3,2,432,Loyal Customers
Mitch Gastineau,265,1,16.739,1,1,1,111,Lost
Mitch Webber,18,7,5341.900000000001,4,3,4,434,Loyal Customers
Mitch Willingham,45,2,5253.876,3,1,4,314,Regular
Monica Federle,8,5,1758.3000000000002,4,2,2,422,Regular
Muhammed Lee,101,2,162.23200000000003,2,1,1,211,Regular
Muhammed MacIntyre,86,9,775.414,2,4,1,241,At Risk
Muhammed Yedwab,72,11,4152.696,3,4,4,344,Loyal Customers
Nancy Lomonaco,59,4,1418.0900000000001,3,1,2,312,Regular
Naresj Patel,26,6,5529.62,4,3,4,434,Loyal Customers
Nat Carroll,225,5,2461.404,1,2,3,123,Regular
Nat Gilpin,49,5,1869.58,3,2,2,322,Regular
Natalie DeCherney,28,9,4326.139,4,4,4,444,Champions
Natalie Fritzler,80,7,8322.826,2,3,4,234,At Risk
Natalie Webber,173,7,7234.014,2,3,4,234,At Risk
Nathan Cano,42,6,2218.9900000000002,3,3,2,332,Loyal Customers
Nathan Gelder,49,5,1395.938,3,2,2,322,Regular
Nathan Mautz,161,7,6459.344,2,3,4,234,At Risk
Neil Cohen,29,6,382.144,4,3,1,431,Loyal Customers
Neil Ducich,184,6,2893.455,1,3,3,133,At Risk
Neil Französisch,526,4,377.162,1,1,1,111,Lost
Neil Knudson,71,7,572.048,3,3,1,331,Loyal Customers
Neola Schneider,7,4,2575.863,4,1,3,413,Regular
Neoma Murray,245,10,2161.979,1,4,2,142,At Risk
Nick Crebassa,7,7,8241.739,4,3,4,434,Loyal Customers
Nick Radford,211,5,2367.277,1,2,3,123,Regular
Nick Zandusky,86,9,2488.3100000000004,2,4,3,243,At Risk
Nicole Brennan,1166,2,273.87199999999996,1,1,1,111,Lost
Nicole Fjeld,115,11,7003.068,2,4,4,244,At Risk
Nicole Hansen,190,7,2673.29,1,3,3,133,At Risk
Noah Childs,205,5,1821.7420000000002,1,2,2,122,Regular
Noel Staavos,175,13,2964.823,2,4,3,243,At Risk
Nona Balk,20,9,1972.599,4,4,2,442,Loyal Customers
Nora Paige,59,5,3908.402,3,2,4,324,Regular
Nora Pelletier,407,6,1228.698,1,3,2,132,At Risk
Nora Preis,139,7,7903.1825,2,3,4,234,At Risk
Odella Nelson,411,9,1567.52,1,4,2,142,At Risk
Olvera Toch,66,5,3818.624,3,2,4,324,Regular
Pamela Coakley,3,4,1832.064,4,1,2,412,Regular
Pamela Stobb,108,6,2181.479,2,3,2,232,At Risk
Parhena Norris,31,8,1467.152,3,4,2,342,Loyal Customers
Patricia Hirasaki,71,1,729.648,3,1,1,311,Regular
Patrick Bzostek,26,3,740.356,4,1,1,411,Regular
Patrick Gardner,37,13,3086.9069999999997,3,4,3,343,Loyal Customers
Patrick Jones,40,8,1220.0900000000001,3,4,2,342,Loyal Customers
Patrick O'Brill,5,11,7473.8282,4,4,4,444,Champions
Patrick O'Donnell,1,7,2493.214,4,3,3,433,Loyal Customers
Patrick Ryan,37,5,1840.178,3,2,2,322,Regular
Paul Gonzalez,58,9,1987.164,3,4,2,342,Loyal Customers
Paul Knutson,484,2,1441.152,1,1,2,112,Lost
Paul Lucas,16,5,239.481,4,2,1,421,Regular
Paul MacIntyre,387,3,1405.402,1,1,2,112,Lost
Paul Prost,98,10,7252.608,2,4,4,244,At Risk
Paul Stevenson,70,8,1278.639,3,4,2,342,Loyal Customers
Paul Van Hugh,90,5,2876.0460000000003,2,2,3,223,Regular
Pauline Chand,882,2,1061.488,1,1,1,111,Lost
Pauline Johnson,135,7,1824.234,2,3,2,232,At Risk
Pauline Webber,47,10,3454.916,3,4,3,343,Loyal Customers
Penelope Sewall,237,7,6843.634,1,3,4,134,At Risk
Pete Armstrong,104,6,729.408,2,3,1,231,At Risk
Pete Kriz,10,12,8646.934,4,4,4,444,Champions
Pete Takahito,72,4,160.572,3,1,1,311,Regular
Peter Bühler,58,4,688.324,3,1,1,311,Regular
Peter Fuller,835,4,9062.864,1,1,4,114,Lost
Peter McVee,52,4,4115.662,3,1,4,314,Regular
Philip Brown,98,8,1456.95,2,4,2,242,At Risk
Philip Fox,197,6,2770.0,1,3,3,133,At Risk
Philisse Overcash,161,9,4893.043,2,4,4,244,At Risk
Phillina Ober,87,5,1056.858,2,2,1,221,Regular
Phillip Breyer,688,2,132.738,1,1,1,111,Lost
Phillip Flathmann,115,5,2206.128,2,2,2,222,Regular
Pierre Wener,465,7,3922.415,1,3,4,134,At Risk
Quincy Jones,26,9,6108.338,4,4,4,444,Champions
Rachel Payne,497,4,954.6451999999999,1,1,1,111,Lost
Ralph Arnett,6,9,2617.906,4,4,3,443,Loyal Customers
Ralph Kennedy,120,3,1460.192,2,1,2,212,Regular
Ralph Ritter,20,2,615.932,4,1,1,411,Regular
Randy Bradley,69,2,1008.1959999999999,3,1,1,311,Regular
Randy Ferguson,391,8,3309.1499999999996,1,4,3,143,At Risk
Raymond Buch,97,6,15117.339,2,3,4,234,At Risk
Raymond Messe,346,6,1453.474,1,3,2,132,At Risk
Resi Pölking,34,12,5153.084,3,4,4,344,Loyal Customers
Ricardo Emerson,1098,1,48.36,1,1,1,111,Lost
Ricardo Sperren,77,5,3221.29,2,2,3,223,Regular
Richard Bierner,20,8,2663.0860000000002,4,4,3,443,Loyal Customers
Richard Eichhorn,303,5,876.696,1,2,1,121,Regular
Rick Bensley,10,12,4715.466,4,4,4,444,Champions
Rick Duston,73,8,4272.93,3,4,4,344,Loyal Customers
Rick Hansen,33,5,3621.376,3,2,3,323,Regular
Rick Huthwaite,468,6,6979.18,1,3,4,134,At Risk
Rick Reed,171,6,3302.2619999999997,2,3,3,233,At Risk
Rick Wilson,121,7,7397.401,2,3,4,234,At Risk
Ritsa Hightower,520,2,740.382,1,1,1,111,Lost
Rob Beeghly,26,5,528.546,4,2,1,421,Regular
Rob Dowd,181,10,2912.8940000000002,1,4,3,143,At Risk
Rob Haberlin,535,3,2085.74,1,1,2,112,Lost
Rob Lucas,122,8,6234.91,2,4,4,244,At Risk
Rob Williams,90,9,3279.746,2,4,3,243,At Risk
Robert Barroso,649,5,221.084,1,2,1,121,Regular
Robert Dilbeck,115,5,2786.632,2,2,3,223,Regular
Robert Marley,7,5,5979.096,4,2,4,424,Regular
Robert Waldorf,80,5,3495.646,2,2,3,223,Regular
Roger Barcio,55,4,2067.45,3,1,2,312,Regular
Roger Demir,22,10,1419.737,4,4,2,442,Loyal Customers
Roland Fjeld,90,7,2341.2960000000003,2,3,3,233,At Risk
Roland Murray,300,1,98.35,1,1,1,111,Lost
Roland Schwarz,37,8,4159.7699999999995,3,4,4,344,Loyal Customers
Rose O'Brian,36,7,3815.478,3,3,4,334,Loyal Customers
Ross Baird,33,8,5633.316,3,4,4,344,Loyal Customers
Ross DeVincentis,15,8,1137.616,4,4,2,442,Loyal Customers
Roy Collins,370,6,966.409,1,3,1,131,At Risk
Roy Französisch,7,8,945.222,4,4,1,441,Loyal Customers
Roy Phan,29,8,2170.716,4,4,2,442,Loyal Customers
Roy Skaria,20,2,22.328,4,1,1,411,Regular
Ruben Ausman,44,7,3832.314,3,3,4,334,Loyal Customers
Ruben Dartt,115,9,3133.924,2,4,3,243,At Risk
Russell Applegate,13,9,4793.543,4,4,4,444,Champions
Russell D'Ascenzo,43,4,970.942,3,1,1,311,Regular
Ryan Akin,62,5,1686.9225,3,2,2,322,Regular
Ryan Crowe,111,6,885.752,2,3,1,231,At Risk
Sally Hughsby,30,13,3406.8395,4,4,3,443,Loyal Customers
Sally Knutson,9,3,883.409,4,1,1,411,Regular
Sally Matthias,422,4,244.494,1,1,1,111,Lost
Sam Craven,781,5,3362.9636,1,2,3,123,Regular
Sam Zeldin,36,11,3625.329,3,4,3,343,Loyal Customers
Sample Company A,41,9,4624.572,3,4,4,344,Loyal Customers
Sandra Flanagan,60,7,763.546,3,3,1,331,Loyal Customers
Sandra Glassco,9,3,3406.581,4,1,3,413,Regular
Sanjit Chand,350,9,14142.334,1,4,4,144,At Risk
Sanjit Engle,10,11,12209.438,4,4,4,444,Champions
Sanjit Jacobs,96,12,3949.656,2,4,4,244,At Risk
Saphhira Shifley,16,8,1324.028,4,4,2,442,Loyal Customers
Sara Luxemburg,71,7,3053.012,3,3,3,333,Loyal Customers
Sarah Bern,202,3,1348.02,1,1,2,112,Lost
Sarah Brown,189,6,6410.996,1,3,4,134,At Risk
Sarah Foster,60,9,3422.786,3,4,3,343,Loyal Customers
Sarah Jordon,30,6,1341.036,4,3,2,432,Loyal Customers
Scot Coram,150,4,4371.958,2,1,4,214,Regular
Scot Wooten,82,7,1085.078,2,3,1,231,At Risk
Scott Cohen,47,12,3756.513,3,4,3,343,Loyal Customers
Scott Williamson,31,6,1966.65,3,3,2,332,Loyal Customers
Sean Braxton,48,7,8057.891,3,3,4,334,Loyal Customers
Sean Christensen,30,7,3979.065,4,3,4,434,Loyal Customers
Sean Miller,80,5,25043.05,2,2,4,224,Regular
Sean O'Donnell,30,6,2602.5755,4,3,3,433,Loyal Customers
Sean Wendt,163,3,1019.044,2,1,1,211,Regular
Seth Vernon,102,10,11470.95,2,4,4,244,At Risk
Shahid Collister,31,9,5992.536,3,4,4,344,Loyal Customers
Shahid Hopkins,24,10,2180.718,4,4,2,442,Loyal Customers
Shahid Shariari,111,6,3056.807,2,3,3,233,At Risk
Sharelle Roach,9,5,3233.481,4,2,3,423,Regular
Shaun Chance,37,7,1874.998,3,3,2,332,Loyal Customers
Shaun Weien,163,7,2921.544,2,3,3,233,At Risk
Sheri Gordon,184,8,1884.7980000000002,1,4,2,142,At Risk
Shirley Daniels,201,9,6121.114,1,4,4,144,At Risk
Shirley Jackson,254,5,1318.7759999999998,1,2,2,122,Regular
Shirley Schmidt,492,3,613.4000000000001,1,1,1,111,Lost
Shui Tom,126,7,433.34,2,3,1,231,At Risk
Sibella Parks,328,6,1306.086,1,3,2,132,At Risk
Skye Norling,112,6,1860.4180000000001,2,3,2,232,At Risk
Sonia Cooley,93,5,902.7280000000001,2,2,1,221,Regular
Sonia Sunley,433,6,418.49,1,3,1,131,At Risk
Speros Goranitis,109,6,3124.8320000000003,2,3,3,233,At Risk
Stefania Perrino,48,9,5440.319,3,4,4,344,Loyal Customers
Stefanie Holloman,765,2,2096.392,1,1,2,112,Lost
Stephanie Phelps,387,9,1872.4360000000001,1,4,2,142,At Risk
Stephanie Ulpright,21,7,2595.364,4,3,3,433,Loyal Customers
Steve Carroll,127,6,1254.64,2,3,2,232,At Risk
Steve Chapman,90,10,2576.408,2,4,3,243,At Risk
Steve Nguyen,80,7,3127.9592,2,3,3,233,At Risk
Steven Cartwright,188,11,5226.21,1,4,4,144,At Risk
Steven Roelle,197,8,4345.886,1,4,4,144,At Risk
Steven Ward,535,2,758.6959999999999,1,1,1,111,Lost
Stewart Carmichael,42,7,4492.657,3,3,4,334,Loyal Customers
Stewart Visinsky,321,9,4105.305,1,4,4,144,At Risk
Stuart Calhoun,31,4,279.256,3,1,1,311,Regular
Stuart Van,77,4,1271.0900000000001,2,1,2,212,Regular
Sue Ann Reed,64,10,4767.3415,3,4,4,344,Loyal Customers
Sung Chung,132,2,280.632,2,1,1,211,Regular
Sung Pak,80,10,4282.94,2,4,4,244,At Risk
Sung Shariari,121,5,964.636,2,2,1,221,Regular
Susan Gilcrest,227,3,47.946,1,1,1,111,Lost
Susan MacKendrick,607,1,1043.041,1,1,1,111,Lost
Susan Pistek,71,6,3990.689,3,3,4,334,Loyal Customers
Susan Vittorini,3,8,1903.491,4,4,2,442,Loyal Customers
Suzanne McNair,26,14,5695.79,4,4,4,444,Champions
Sylvia Foulston,49,9,3336.535,3,4,3,343,Loyal Customers
Tamara Chand,400,5,19052.218,1,2,4,124,Regular
Tamara Dahlen,38,9,1434.548,3,4,2,342,Loyal Customers
Tamara Manning,104,8,2955.226,2,4,3,243,At Risk
Tamara Willingham,65,7,5278.826,3,3,4,334,Loyal Customers
Tanja Norvell,91,7,3130.221,2,3,3,233,At Risk
Ted Butterfield,120,5,1467.881,2,2,2,222,Regular
Ted Trevino,32,7,4915.602,3,3,4,334,Loyal Customers
Thais Sissman,358,2,4.833,1,1,1,111,Lost
Thea Hendricks,345,5,2422.824,1,2,3,123,Regular
Thea Hudgings,59,4,2942.772,3,1,3,313,Regular
Theone Pippenger,9,9,4454.0560000000005,4,4,4,444,Champions
Theresa Coyne,107,1,1038.26,2,1,1,211,Regular
Theresa Swint,505,6,2163.624,1,3,2,132,At Risk
Thomas Boland,59,4,3589.296,3,1,3,313,Regular
Thomas Brumley,50,4,816.1740000000001,3,1,1,311,Regular
Thomas Seio,199,7,5371.09,1,3,4,134,At Risk
Thomas Thornton,184,8,1427.044,1,4,2,142,At Risk
Tiffany House,118,8,1022.201,2,4,1,241,At Risk
Tim Brockman,350,7,1602.376,1,3,2,132,At Risk
Tim Taslimi,407,3,439.5,1,1,1,111,Lost
Toby Braunhardt,584,6,2198.45,1,3,2,132,At Risk
Toby Carlisle,28,8,4266.812,4,4,4,444,Champions
Toby Gnade,338,5,3058.372,1,2,3,123,Regular
Toby Ritter,194,5,675.942,1,2,1,121,Regular
Toby Swindell,227,5,974.782,1,2,1,121,Regular
Todd Boyes,147,5,834.328,2,2,1,221,Regular
Todd Sumrall,37,6,11891.751,3,3,4,334,Loyal Customers
Tom Ashbrook,70,4,14595.62,3,1,4,314,Regular
Tom Boeckenhauer,203,7,9133.99,1,3,4,134,At Risk
Tom Prescott,105,5,5329.0048,2,2,4,224,Regular
Tom Stivers,173,5,2054.14,2,2,2,222,Regular
Tonja Turnell,13,7,5364.808,4,3,4,434,Loyal Customers
Tony Chapman,154,9,1244.976,2,4,2,242,At Risk
Tony Molinari,131,3,1094.6779999999999,2,1,1,211,Regular
Tony Sayre,12,6,2243.274,4,3,2,432,Loyal Customers
Tracy Blumstein,108,9,4737.486,2,4,4,244,At Risk
Tracy Collins,5,7,742.558,4,3,1,431,Loyal Customers
Tracy Hopkins,73,7,4234.096,3,3,4,334,Loyal Customers
Tracy Poddar,351,4,1936.6399999999999,1,1,2,112,Lost
Tracy Zic,27,8,2234.95,4,4,2,442,Loyal Customers
Troy Blackwell,286,5,1387.5590000000002,1,2,2,122,Regular
Troy Staebel,56,7,2820.424,3,3,3,333,Loyal Customers
Trudy Brown,31,9,2797.6679999999997,3,4,3,343,Loyal Customers
Trudy Glocke,115,4,2074.661,2,1,2,212,Regular
Trudy Schmidt,239,5,3368.094,1,2,3,123,Regular
Valerie Dominguez,582,6,6442.254,1,3,4,134,At Risk
Valerie Mitchum,55,7,2454.866,3,3,3,333,Loyal Customers
Valerie Takahito,1000,2,1736.596,1,1,2,112,Lost
Vicky Freymann,14,5,847.944,4,2,1,421,Regular
Victor Preis,31,3,993.902,3,1,1,311,Regular
Victoria Brennan,55,6,2005.596,3,3,2,332,Loyal Customers
Victoria Pisteka,76,7,3360.526,2,3,3,233,At Risk
Victoria Wilson,29,10,6134.0380000000005,4,4,4,444,Champions
Vivek Gonzalez,155,6,846.01,2,3,1,231,At Risk
Vivek Grady,287,5,427.372,1,2,1,121,Regular
Vivek Sundaresam,222,4,1055.981,1,1,1,111,Lost
Vivian Mathis,118,5,380.69,2,2,1,221,Regular
William Brown,21,13,6327.268,4,4,4,444,Champions
Xylona Preis,44,13,2503.156,3,4,3,343,Loyal Customers
Yana Sorensen,10,8,6720.4439999999995,4,4,4,444,Champions
Yoseph Carroll,5,5,5454.35,4,2,4,424,Regular
Zuschuss Carroll,55,13,8025.707,3,4,4,344,Loyal Customers
Zuschuss Donatelli,203,5,1493.944,1,2,2,122,Regular
